<?xml version="1.0" encoding="UTF-8"?>
<!DOCTYPE suite SYSTEM "https://testng.org/testng-1.0.dtd">
<suite name="Suite" verbose="5">
	<parameter name="URL"
		value="http://leaftaps.com/opentaps/control/login"></parameter>
	<parameter name="BROWSER" value="chrome"></parameter>
	<listeners>
		<listener class-name="baseclass.RetryListener"></listener>
	</listeners>

	<test thread-count="2" name="Test" parallel="classes">
		<classes>
			<class name="testcases.TC001_CreateLead_Positive" />
			<class name="testcases.TC002_DeleteLead_Positive" />
			<class name="testcases.TC003_DuplicateLead_Positive" />
			<class name="testcases.TC004_EditLead_Positive" />
			<class name="testcases.TC005_MergeLead_Positive" />
		</classes>
	</test> <!-- Test -->
</suite> <!-- Suite -->
